{"cameraMode":{"drawMode":0,"name":"Shaded","section":"Shading Mode"},"sceneLighting":false,"audioPlay":false,"sceneViewState":{"showFog":true,"showMaterialUpdate":false,"showSkybox":false,"showFlares":true,"showImageEffects":true,"showParticleSystems":true},"in2DMode":false,"pivot":{"x":-83.80000305175781,"y":-0.1493511199951172,"z":351.2030029296875},"rotation":{"x":0.25888723134994509,"y":0.014183500781655312,"z":-0.003802119754254818,"w":0.9657995104789734},"size":150.42852783203126,"orthographic":true}